word,tf,df,tfidf
children,23535,1615,34081.509566152614
neurons,13469,899,27394.968543793395
breast,15039,1122,27255.817016447425
social,17775,1608,25817.54784752007
alcohol,13707,1062,25595.098396345275
infection,15314,1547,22835.28140687596
child,12198,1133,21987.946499754966
sleep,7932,431,21964.52002708064
diabetes,12223,1254,20792.74994322579
tumors,11013,1125,19929.91937721861
mutations,12771,1486,19557.091001432545
virus,10337,1038,19538.577717161766
lung,13055,1556,19391.071387775726
cognitive,11256,1233,19337.863835385153
liver,11524,1312,19082.6203427005
immune,12827,1611,18606.84723240825
stem,11061,1325,18206.878583921323
depression,9392,989,18206.543512132634
pain,8708,871,17986.970383155312
injury,10991,1357,17829.36723288698
peptide,9895,1162,17586.507447265863
smoking,7948,769,17407.06973957134
maternal,6759,574,16779.76543418164
rats,8229,913,16610.02734407581
prostate,6622,573,16451.198474298606
infected,7644,815,16297.178846635157
surgery,10604,1541,15853.230554959517
anxiety,6988,718,15784.08137157568
image,10995,1651,15679.683847084876
kinase,10106,1467,15606.045837876334
mitochondrial,6437,611,15578.270628418197
antibody,10799,1633,15518.55576712047
cardiac,7967,985,15476.445808793782
endothelial,7594,902,15420.345595709545
phosphorylation,7624,948,15102.045849782746
learning,8232,1106,15037.43787798147
bone,6874,778,14974.8986000247
inflammatory,9531,1430,14961.580236849028
genome,10036,1548,14958.571785886706
sexual,5843,532,14949.706830966059
differentiation,9484,1447,14775.718598017249
mortality,10526,1689,14771.331024209321
mrna,8524,1217,14755.609743647032
stroke,6991,845,14652.253989621659
memory,7524,998,14517.23587764117
mental,8248,1186,14490.654556109756
macrophages,6279,684,14487.238736594836
lipid,7330,953,14481.115454872488
schizophrenia,4904,360,14462.41794357714
receptors,9664,1543,14435.37397161219
cortex,6501,749,14409.281092434814
scores,9914,1626,14289.36716863751
cortical,6466,761,14228.931566118354
symptoms,9747,1598,14217.971682032232
obesity,6468,763,14216.356332631474
glucose,7496,1039,14161.416758346219
transcription,9363,1523,14107.916636129487
viral,6959,923,13970.757773733061
task,7698,1134,13869.51723323948
plasma,8745,1411,13844.70369578962
methylation,4959,434,13697.580844706321
disorder,8226,1327,13527.940215684075
animals,9152,1570,13511.825781824542
training,8572,1450,13337.103037354467
insulin,5875,712,13319.40374448118
older,9441,1680,13299.172194949733
antibodies,8780,1521,13241.005364934132
neural,7381,1145,13227.125092394721
energy,8610,1480,13219.906764360061
inflammation,7874,1288,13183.946521816366
grade,7320,1139,13156.268941587776
residues,6229,839,13099.585487579398
mutation,7983,1333,13092.30475444381
muscle,6290,862,13057.758163972505
mutant,7174,1126,12976.213940715004
motor,6173,841,12967.119875185428
renal,6257,870,12931.449845860745
immunol,6679,1007,12826.883054345188
variants,6493,976,12672.698966990736
delivery,7999,1420,12612.809706237209
behavioral,8500,1559,12608.990054153675
vascular,7529,1295,12565.483061674782
drinking,4364,387,12554.293103048125
syndrome,8241,1503,12526.254681101513
screening,8876,1679,12508.563415262222
vaccine,4165,343,12484.504268714802
apoptosis,6842,1125,12381.776843632955
peptides,5698,794,12297.007659771813
youth,4485,445,12276.055774017861
host,6807,1152,12156.99992173299
education,8452,1638,12119.9921920701
fluorescence,6862,1177,12107.905377642976
radiation,5793,851,12100.408755180524
pressure,7810,1463,12081.804949249383
nanoparticles,3669,256,12071.131147388036
release,8623,1698,12054.989326644303
asthma,3789,286,12046.05947562682
staining,6973,1224,12030.73306712676
repair,5949,911,12020.951352538186
suicide,3314,185,11979.62827227323
visual,6380,1056,11949.529456158503
chemotherapy,5502,785,11936.73615584102
proliferation,7417,1377,11923.183255926133
snps,3652,265,11889.015288799577
carcinoma,5763,878,11857.740582976981
parents,4961,636,11807.239037507212
wild,7307,1367,11799.611233051615
psychology,5585,839,11745.253643944605
neuronal,5867,929,11740.463819696433
students,4583,533,11717.305868020465
psychiatry,6388,1103,11686.344186894841
sequencing,6379,1110,11629.524085332841
hypertension,5529,841,11614.321365608332
birth,5584,863,11585.659594090424
resistance,7607,1499,11582.851537026281
retinal,3673,294,11575.93954760323
exercise,4809,624,11537.079998272038
substance,4915,663,11493.410352145494
infants,4338,486,11491.369980894486
food,6756,1258,11471.228770383434
gender,7433,1470,11463.118962664103
pregnancy,4534,552,11433.21740043264
neurosci,5969,1019,11392.632946304517
kidney,5659,923,11360.90217582345
buffer,7200,1422,11342.814143766516
species,7879,1636,11307.948257484522
matrix,7593,1557,11273.283757865896
stimulation,6676,1275,11245.782124533767
adolescents,4935,714,11174.456219036441
transplantation,4683,635,11152.964731524464
ovarian,4002,426,11128.646011813673
nuclear,7285,1492,11126.655019929305
cardiovascular,6512,1253,11082.867281097366
leukemia,4568,610,11062.560881677082
bacterial,5242,833,11061.546898288576
intake,4532,599,11057.848258666445
inhibitor,7787,1666,11034.40981397878
migration,5387,891,11004.919336973211
survey,7499,1587,10990.607463789478
epithelial,5499,934,10974.541405868433
cholesterol,4058,471,10876.869916030259
melanoma,3771,385,10867.898044878053
behaviors,6219,1199,10858.170692410873
synaptic,4089,496,10748.48662154424
antigen,5436,963,10682.59373394339
injection,6190,1224,10679.798893663365
compounds,5300,923,10640.180514554566
drugs,7355,1632,10573.907866469988
diet,4831,772,10561.657388791531
chemical,7204,1600,10499.481005362519
aging,5598,1054,10495.481588082463
calcium,4997,842,10490.853955760558
intestinal,3932,482,10448.371286680247
histone,3938,486,10431.769244989047
items,4880,818,10386.338860059359
adolescent,4315,620,10379.693602971676
uptake,5023,873,10363.829862002409
spatial,5720,1126,10346.242506396686
temperature,7426,1710,10329.282432007007
transplant,3960,514,10268.229304907347
surgical,5683,1130,10259.165007775639
channel,4934,863,10237.042341912993
medium,6894,1562,10213.379190725187
metabolic,6276,1351,10208.60514891763
vector,5926,1233,10180.8973959215
tobacco,3605,408,10180.315557782047
income,4614,759,10165.60487844268
language,4784,824,10147.0550430821
reward,3087,257,10144.296827259506
abuse,4474,716,10118.086547451217
dopamine,3366,342,10099.345479740601
aortic,3192,291,10092.743931204375
developmental,6314,1390,10090.72817662348
adherence,4140,602,10080.70549599082
services,6430,1434,10075.729255304099
bacteria,4125,601,10051.039057656644
sirna,3308,331,10033.46862805349
parent,4634,790,10024.164619352814
spectra,4230,646,10001.4583602987
skin,5231,1021,9973.804608607497
head,5771,1223,9961.6020007548
inhibitors,6244,1394,9960.915034913576
lesions,5241,1034,9926.560961450152
collagen,3593,435,9916.19290624344
problems,6681,1559,9910.666182564788
dynamics,6225,1408,9868.398670239494
aids,4033,600,9833.586500470561
panel,7086,1718,9823.281842895545
vitamin,3243,334,9807.057293439208
ligand,5330,1092,9804.238158224754
pulmonary,4509,790,9753.767429577436
randomized,6819,1644,9753.371773599081
interventions,6534,1547,9743.093163936759
expressing,6010,1360,9736.0226144533
peak,5795,1282,9730.001022733242
damage,6199,1445,9666.385005465747
nicotine,2738,202,9656.769294027783
medication,4519,817,9623.533015625675
regulatory,6449,1556,9578.936758312191
incubated,5903,1364,9545.349489913817
metabolism,6097,1437,9541.180530536149
sequences,5770,1321,9515.11173824799
childhood,4561,857,9494.964578047448
autophagy,2824,244,9426.631281159393
strain,4715,931,9425.05484381482
chromatin,3564,489,9419.110180010377
mirna,2604,185,9413.081478877337
diabetic,3397,436,9367.459244410249
mothers,3220,377,9347.548189415778
force,4918,1028,9343.413206797688
pediatric,4508,868,9327.136520508864
bound,5901,1415,9325.50168181543
associations,6412,1608,9313.199257288252
chain,6001,1461,9291.552645532265
cluster,4773,981,9291.30319356323
oral,5198,1154,9274.38084426625
cerebral,4171,744,9272.8396876541
substrate,5250,1175,9272.481944700618
people,6216,1548,9264.894601541628
emotional,4029,690,9260.732511407257
temporal,5488,1276,9240.282798679347
immunity,4338,817,9238.080597872136
respiratory,4287,800,9219.616781215555
drosophila,3006,320,9219.06974041818
placebo,3540,516,9165.427091566151
pancreatic,3411,474,9121.024717256309
neuron,4034,717,9117.383069442076
users,3753,611,9082.685982360337
autism,2631,219,9066.79100875301
race,4871,1076,9031.831205452243
domains,5593,1368,9027.691309138563
iron,3038,354,9010.445366511103
environmental,5715,1421,9007.379127765353
week,6279,1638,9003.95539209751
microbiota,2361,152,8998.54999499286
terminal,5494,1336,8997.936451963848
microglia,2419,168,8977.505245426953
psychological,4511,942,8964.282607974743
bias,5781,1461,8950.919154111318
algorithm,5020,1158,8939.419243766377
physiol,4976,1142,8930.298189477922
incidence,6154,1611,8926.992895317719
home,4707,1035,8910.604038739475
cytokine,4179,816,8904.596938257235
estimates,6236,1653,8885.447949397367
hippocampal,3173,418,8883.54021580511
nerve,3500,543,8883.354003055545
distance,5264,1273,8875.51914592159
families,4695,1038,8874.298382710118
dietary,3609,588,8872.66700839756
donor,3679,618,8861.688260833347
beta,5975,1561,8855.718045313239
assays,5851,1514,8850.807873579846
media,5335,1312,8834.239806343905
oncol,4582,1000,8831.599656212715
nucleus,4213,847,8819.956656847711
phenotype,6004,1585,8807.092147225672
genet,5193,1262,8800.875284983309
dementia,2917,340,8769.27455593918
phys,4066,796,8764.715455614933
transfer,5492,1399,8741.602609580366
stimulus,3487,561,8736.642089239045
complexes,4542,1005,8731.848035282297
transcriptional,4652,1054,8721.861441186069
induction,5882,1561,8717.880090800414
strains,3761,679,8705.170493092392
epilepsy,2520,218,8695.802810205007
decision,5270,1324,8678.624022170818
yeast,3204,458,8677.5254596779
particles,3464,563,8666.688414256525
metastatic,3627,631,8660.92998827268
promoter,4274,906,8659.855527672633
laser,3451,559,8658.769478246531
diagnostic,5744,1522,8658.67749059269
month,5449,1404,8653.719711097847
cost,5509,1433,8636.37686242008
genomic,5088,1264,8614.868747014683
safety,5256,1337,8604.21331577065
mmol,2736,299,8576.722211788036
mitochondria,2938,371,8576.046682304455
meta,5602,1490,8563.660120587134
dysfunction,5225,1337,8553.465482287225
oncology,4393,981,8551.580752005713
signals,5892,1615,8532.324383419214
smokers,2773,318,8521.870131291096
onset,5639,1525,8489.293308096725
oxidative,3857,765,8467.40566728345
simulation,3488,610,8447.06925466061
layer,4284,958,8441.033745509802
networks,4580,1099,8395.389652412952
item,3719,719,8395.081325002184
caspase,2826,354,8381.671693798675
hispanic,3825,769,8377.20706515606
regulated,5728,1595,8366.210536693798
consumption,3912,811,8359.71870615443
tuberculosis,2380,207,8335.93017554896
severity,5186,1378,8332.978954701266
bone-marrow,3500,637,8324.542828321748
accuracy,5338,1447,8316.405090280059
fibrosis,3076,461,8310.775005973055
dust,1896,86,8306.116565410466
brca,2109,134,8303.914729771097
infections,4062,894,8284.468044648724
amino,4566,1120,8283.301596146026
replication,3923,832,8282.93598361263
enzyme,5257,1427,8263.3776084064
children’s,3597,693,8252.167130713653
noise,3712,745,8247.419022496182
trauma,3155,504,8242.860887095041
affinity,4225,982,8220.240931183167
adhesion,3476,649,8202.587448432963
probability,4812,1251,8197.299518784832
simulations,3108,492,8194.962270209902
psychiatric,3711,762,8161.468362504298
cancers,4229,1000,8151.207976019985
programs,4867,1289,8145.355038348107
cannabis,1853,85,8139.412210893004
adhd,1993,117,8117.561802030606
vegf,2600,303,8115.841911202278
electron,4016,911,8115.000946678998
deletion,4181,988,8109.16558929573
dental,2395,236,8074.451887439162
channels,3394,637,8072.428102664004
peripheral,5075,1401,8070.614755434953
mutants,3336,614,8057.159026484542
transmission,4031,933,8049.122014414309
longitudinal,5088,1414,8044.293956352133
neck,3080,505,8040.808265917292
labeled,5131,1434,8040.212567490721
notch,2344,223,8035.322694526111
cytokines,3660,774,7992.117239672173
stat,3606,750,7987.7849492242485
markers,5683,1689,7975.059301784303
allele,3380,650,7970.844780617501
compound,3856,874,7951.573619360991
variant,3792,845,7947.55358727583
racial,3153,557,7922.370390442154
recurrence,3162,563,7911.105301928156
stigma,2234,200,7901.419178957266
word,2679,360,7900.656131901133
daily,5150,1488,7879.614578595929
biomarkers,3907,915,7877.630958504144
toxicity,4077,996,7874.575491186093
surg,3737,836,7872.2963756151785
alzheimer’s,2644,350,7871.92120547359
mechanical,3612,781,7854.782753533753
latent,2829,429,7846.948778058354
sections,4771,1327,7846.0737623424175
ethnic,3406,687,7843.596239930574
actin,3396,683,7840.398191500852
intracellular,4658,1278,7835.495824208555
crystal,3456,712,7835.210100583312
vehicle,3107,552,7834.805130821397
african,3929,942,7807.7291879256845
chromosome,3354,671,7802.884209726341
macrophage,3072,542,7802.709387953495
pten,2139,179,7802.696943084116
perceived,3621,803,7773.76466972645
experiment,5523,1683,7770.183159300956
    ,2155,187,7766.839479874483
communication,4044,1008,7762.405488792552
lymphoma,2783,423,7758.553946091375
neuroscience,3939,962,7744.846095200638
secretion,3545,774,7740.998801813621
resection,2678,382,7738.857231844028
myeloid,2845,456,7717.681726055911
assembly,3822,914,7710.425948026396
minutes,5176,1551,7704.762235323572
alpha,5547,1715,7699.469551243291
amyloid,2278,234,7699.387935441956
dendritic,3076,564,7690.480508622715
agents,5164,1557,7666.9613230106
injected,3829,932,7649.873517938677
sirt,1693,75,7648.503938766333
odds,3630,838,7638.2182783506905
hippocampus,2685,401,7628.753662619947
parental,3199,635,7618.691901803707
skills,2966,528,7611.094657754923
egfr,2375,279,7609.496869376474
resistant,4082,1066,7606.977868186146
exposed,5071,1534,7604.3523388877675
sodium,4177,1116,7592.550947659282
hepatic,2863,485,7589.989282716279
knockdown,2863,488,7572.334550512733
classification,4809,1427,7559.174989314509
diffusion,3274,683,7558.734887801469
mirnas,1983,152,7557.867276607726
born,2905,510,7555.323238732317
fusion,3350,722,7548.170837983738
deficient,4031,1060,7534.689880805211
transport,3764,929,7532.146892336352
molecule,4798,1433,7521.752801940741
metastasis,3039,579,7518.20636973084
supplemental,4324,1208,7517.226804272188
hematopoietic,2803,471,7513.027692122429
parenting,1993,159,7506.2483790576125
valve,2091,190,7502.897744634038
genetics,4659,1374,7499.727368518291
spectrum,5021,1549,7480.514874324305
tasks,3163,649,7463.977013634484
living,4651,1382,7459.84800937395
discrimination,2951,550,7452.137239226282
bars,4408,1269,7446.108190146293
microscopy,4019,1079,7440.85898309354
attention,4900,1510,7425.193115890095
chip,2611,403,7405.511157384152
gastric,2362,300,7396.432910036637
defects,3642,907,7375.297705345292
random,4881,1518,7370.610209363267
transfected,2962,572,7363.743700906077
recognition,4572,1375,7356.354645691955
percent,4837,1502,7355.420962791634
extended,4985,1573,7350.23574461998
adverse,4559,1371,7348.719500720001
preterm,1951,159,7348.06351607697
systemic,4304,1248,7342.249185018228
symptom,3062,626,7336.123603430946
segmentation,2342,300,7333.804350256479
oxygen,3968,1083,7331.753819719183
treg,1773,110,7330.876463526481
influenza,2098,209,7328.05429214509
airway,2207,249,7322.29095080904
regulates,4624,1411,7320.5157106153465
cultured,4265,1236,7316.926631382131
deficiency,3747,978,7305.528873728889
extracellular,4057,1138,7295.227818302996
enrichment,3070,641,7282.595690702303
products,4973,1590,7279.0853707009255
metabolites,2704,469,7259.179207868963
transition,4468,1356,7251.188666391637
loci,2807,520,7245.938297412751
illness,3349,791,7240.2449487571685
degradation,3794,1022,7230.201870864275
biopsy,2763,502,7229.6943803956365
accumulation,4195,1227,7227.494264508589
database,5099,1666,7225.43413913931
clusters,3301,770,7225.294651042811
emotion,2214,263,7224.4069393107275
speech,2180,250,7223.9740098480215
providers,3097,667,7223.506033767005
nodes,2835,539,7216.4780209606915
frontal,2584,421,7216.020595872738
embryonic,3214,728,7215.13886131224
matter,3803,1036,7195.610819332253
plant,2426,354,7195.306273586549
cxcr,1968,178,7189.944165516108
missing,4357,1320,7188.280763300571
infant,2513,395,7177.943967991342
metal,2796,530,7164.284346101715
opioid,1963,179,7160.679803307209
wave,2861,563,7158.0241204353115
policy,3646,967,7149.8496360965655
late,4799,1551,7143.576887039764
cultures,3486,886,7141.04838652371
participant,3652,974,7135.274532398724
problem,5132,1713,7129.420410124734
dependence,3940,1126,7126.607600559955
theory,4442,1382,7124.628006372626
covariates,3301,795,7119.8224200812165
plate,3479,888,7118.864509217613
posterior,3052,668,7113.974829468964
genotype,3019,654,7100.999295752609
relationships,5057,1688,7099.57685748591
fish,2367,345,7081.273532379675
retina,1958,185,7077.885382350932
ventricular,2432,375,7072.947752471031
parameter,3779,1059,7067.221716158886
dynamic,4943,1645,7067.080258696612
localization,3980,1167,7056.61494888259
countries,3077,697,7041.483887784277
moderate,4899,1633,7040.041180028074
females,3250,788,7038.56521487019
coronary,2579,451,7024.533517212284
regeneration,2459,396,7017.484984675232
ligands,3100,718,7002.096773309188
fetal,3579,972,7000.003825289871
respondents,2468,404,6993.807505514858
purified,3875,1131,6991.867826748387
sets,4532,1470,6989.217696595414
reporter,2705,519,6987.844300247639
embryos,2183,280,6986.51873846024
product,4901,1652,6986.221165467106
males,3257,805,6984.2071826016845
disability,2777,556,6982.605904461314
modeling,4568,1493,6973.817898858547
recovery,3880,1143,6959.939343492809
node,2752,549,6954.612284969351
obese,2523,438,6945.797688944729
variance,4403,1420,6942.6429724418595
basal,3472,932,6936.631197253352
space,4482,1462,6936.566508274274
shape,3963,1194,6935.829270566848
optical,3072,720,6930.306821081058
zebrafish,1879,172,6929.21833929235
complications,3468,934,6921.205600209442
pathology,4566,1510,6919.067707582484
stimuli,3305,847,6919.049786584782
arterial,2594,480,6903.734789223029
vaccination,2039,233,6900.3267285906195
violence,2024,228,6893.470425452333
chemistry,4077,1271,6880.5539117190965
gyrus,2033,234,6871.3150451068905
zikv,1152,18,6848.454189044652
stability,4462,1481,6847.999391606258
prediction,4044,1265,6843.997104759992
connectivity,2355,377,6836.483225488869
doses,3486,967,6836.087721182838
sampling,3930,1207,6835.51676328658
strength,4007,1249,6832.383597828824
thyroid,2044,243,6831.352597541321
threshold,4364,1437,6829.213028581229
quantification,4073,1286,6826.016290263363
bond,2852,629,6819.357898260333
viruses,2391,397,6817.39657149777
axis,4248,1381,6816.541773962386
column,3646,1061,6811.615163132694
marijuana,1668,117,6793.824930149047
functioning,3328,893,6791.196281917108
innate,2783,599,6790.37769282187
correlations,3728,1112,6789.787718446085
household,2525,467,6789.425045137865
polymer,2258,340,6788.14602238967
california,4679,1611,6787.35777659922
native,3587,1036,6786.919802509806
inhibitory,3501,990,6783.206827394631
loop,3157,803,6777.623601857609
lesion,2738,579,6773.560065917421
subunit,3142,797,6768.98587607372
stained,3686,1097,6763.352948491342
dataset,3136,797,6756.059741364476
recruitment,4018,1280,6752.631138923222
cocaine,1972,224,6751.2690200874495
centers,4402,1488,6735.157936889181
contact,4149,1360,6721.257541991139
hospitals,2568,502,6719.455363321026
motion,2702,572,6717.36511811216
conserved,3438,975,6713.633548786548
costs,3174,829,6712.9792392704
sensory,2573,507,6707.037710767592
thickness,3003,737,6704.565582138688
load,2890,678,6693.422577841481
amplitude,2557,502,6690.6726495373305
enzymes,3414,971,6680.801960202624
hormone,2873,674,6671.049553455876
burden,4024,1311,6666.419879119175
ring,2764,617,6662.183739493056
fluorescent,3349,942,6655.150178254802
catenin,1935,221,6650.687419753165
tube,3019,760,6647.5120397284345
rural,2414,438,6645.721609636375
infect,2749,613,6643.908355723942
color,3614,1096,6634.537818108255
shift,3889,1249,6631.18038731128
aged,3871,1240,6628.482869406649
membranes,3247,893,6625.905747411312
interview,2867,682,6623.288370287744
reading,3110,818,6619.16267516078
methyl,2851,675,6615.739150228742
survivors,2103,296,6613.621672642085
solid,4257,1455,6608.776602237028
fear,2326,401,6608.7452585675965
mixture,3667,1134,6606.848492373236
likelihood,4003,1322,6598.182701339596
decline,3287,924,6595.360214577652
fluid,3339,956,6586.019066495772
spectrometry,2724,616,6570.188574355678
words,2883,704,6568.719765939939
real,4723,1714,6558.477596563567
lateral,3014,780,6558.212463557088
effector,2704,611,6543.986916147709
fraction,3971,1327,6530.44621887691
colorectal,2413,461,6519.4733710705395
composition,3742,1205,6514.730761580596
guidelines,4640,1689,6511.398057413191
neonatal,2466,491,6507.197784254361
oxidation,2513,516,6506.417593532694
partner,2697,616,6505.065559852152
particle,2428,473,6497.607402518
tolerance,2966,770,6492.03996818933
predictors,3728,1207,6484.174680288134
neurol,2965,772,6482.159833940569
healthcare,3947,1330,6482.064328943408
cyclin,1880,219,6478.74081963347
figures,4192,1466,6476.294500463737
person,3197,907,6474.142439316008
suppression,3595,1139,6461.309678279788
barrier,3203,915,6458.16533403859
variability,4125,1436,6458.074070480678
graft,2118,326,6456.327108305859
diagnosed,3841,1281,6452.166195348418
base,3999,1370,6448.965134922842
mammalian,3752,1233,6445.95461179505
zinc,2195,366,6437.006800926681
initiation,3826,1281,6426.968982921908
deficits,2749,664,6424.215935701871
coverage,2861,728,6422.685837652246
anova,3256,957,6418.901427119462
anterior,2782,684,6418.776583087567
dmso,2376,462,6414.357880455669
auditory,1949,256,6412.274354390646
postoperative,2169,358,6408.695448184295
luciferase,1936,251,6407.690567494547
residue,2710,646,6407.553701278836
clinic,3688,1210,6405.446834870348
engineering,3642,1185,6401.588597565479
spin,2166,358,6399.831415752505
demographic,3971,1372,6398.0182375070735
applications,4487,1655,6387.936287052089
cartilage,1673,151,6387.397938718656
mild,3550,1138,6383.549113871243
mapping,3508,1114,6382.799135464432
input,3474,1095,6380.698653590464
regulate,4164,1487,6373.81196963719
wound,2170,365,6369.629448877071
reactions,3449,1085,6366.423556831193
cytometry,2513,546,6364.402409140916
enriched,3075,868,6362.232653186504
computational,3239,964,6361.781988564435
susceptibility,3295,997,6360.864690748924
labeling,2926,783,6355.499548212041
improvement,4329,1586,6347.35322610059
ptsd,1521,106,6345.264253088629
microbial,2282,427,6340.369159893735
arthritis,2315,445,6336.470260167525
dimensional,3498,1123,6336.457378221918
monitoring,4263,1557,6329.251766071686
efficiency,3874,1343,6324.495860903668
phosphate,3448,1098,6323.510773818234
charge,2893,773,6321.006583816804
specificity,4401,1635,6319.010285844378
educational,2733,681,6317.734414487345
unit,4515,1696,6317.3096526147765
urinary,2238,409,6314.506498456446
recurrent,2827,737,6311.624009559132
progenitor,2427,512,6302.641930341864
ischemic,2360,476,6300.710558261104
normalized,4058,1456,6297.051149254473
estrogen,2158,372,6293.411243065658
autoimmune,2201,394,6292.349879159913
feedback,3172,949,6279.930881551806
wall,2894,786,6274.9261245537555
mtor,1916,260,6273.997243354648
involvement,4167,1525,6273.255047852289
marker,4337,1622,6261.739908124136
coli,2175,389,6245.7976860992785
estimation,3274,1021,6242.44624136512
probe,3262,1014,6242.007535771285
colon,2450,540,6231.921244059139
hydrogen,2575,611,6231.792274068177
lymph,2266,440,6227.955379479544
device,2606,631,6222.87939052622
evolution,3341,1068,6219.830930884941
ions,2257,437,6218.660795159107
visits,2602,630,6217.454656412691
scan,2864,784,6217.17533365039
copd,1595,140,6210.241025482385
acquisition,4035,1478,6200.848236299235
biomarker,2639,656,6199.142091586086
library,2817,762,6195.326428772462
interface,3050,902,6193.317627984476
personality,2147,384,6193.167305080954
receiving,3915,1415,6186.974933792139
workers,2349,494,6184.15344927252
partners,2709,701,6183.841280089319
weighted,3059,911,6181.222085630243
profiles,3962,1444,6180.871127365249
visit,2768,737,6179.899277842121
locus,2705,700,6178.571997918958
invasive,3084,927,6178.04427373496
completed,4422,1700,6176.768700466684
camp,1928,280,6170.411419034055
insurance,2263,450,6168.85399947608
online,4420,1702,6168.778103026012
event,4015,1479,6167.397338827465
nursing,2371,511,6161.851710974577
elements,3733,1322,6153.139151661432
constant,3990,1475,6139.800807611783
questionnaire,2890,822,6136.828498276865
fiber,2314,485,6134.556479289371
validation,4087,1532,6134.101110316848
washed,3298,1070,6133.6089764144435
joint,3031,910,6127.972334248336
apoptotic,2451,564,6127.882876018945
congenital,2114,380,6120.112891934898
gold,2898,832,6118.773510198675
reconstruction,2252,456,6109.040157145136
south,3222,1032,6108.771899779963
cortisol,1571,141,6105.613850632185
endogenous,3569,1242,6105.603225978111
tyrosine,2721,729,6104.663446834433
organ,3197,1021,6095.632447661665
induces,4202,1612,6092.81402959077
androgen,1670,179,6091.867178564971
vesicles,1943,299,6090.8520678012255
discovery,4026,1514,6090.1303194381235
aureus,1571,143,6083.486724277974
orientation,2824,799,6076.8230385434335
reactive,3230,1049,6071.165672514975
equation,3037,931,6070.814753057392
intermediate,3321,1105,6069.492310894343
magnetic-resonance,2825,803,6064.8674929514555
exchange,2822,805,6051.40702158488
composite,2459,587,6049.596498192711
prospective,4131,1589,6049.231077433187
middle,4060,1549,6048.773230383725
infusion,2229,457,6041.764845204077
literacy,1601,158,6039.957304450036
block,3696,1343,6033.902091352596
category,3141,1007,6032.226332339907
adaptive,2930,877,6032.001170885291
spectral,2281,489,6028.336229125609
tumour,2322,515,6016.403153286825
reactivity,2457,594,6015.549621548654
feature,3566,1273,6012.557232970438
sclerosis,1988,334,6011.850107726533
medicare,1932,306,6011.660198827025
curve,3516,1244,6009.277137323223
reporting,3571,1278,6006.9891773827285
persons,2748,775,5997.090749485926
appendix,2375,551,5993.254679464045
hscs,1205,48,5981.631390571221
plates,2867,856,5971.789230926575
hkme,1390,94,5965.7627971377815
speed,2804,820,5961.040770029842
feeding,2139,424,5958.135321036333
malignant,2609,701,5955.571022426369
sigma,3535,1275,5954.739336462982
epigenetic,2305,519,5954.521668048357
yield,3726,1392,5949.35495844
search,3285,1124,5947.694308096345
younger,3127,1026,5946.889318417669
hepatitis,2001,352,5946.1301554200545
overexpression,2747,789,5945.728060321643
substrates,2704,763,5943.263377154531
treatments,3968,1537,5942.566953457966
upper,3794,1435,5942.505532774582
mite,1026,21,5941.245914615126
bipolar,1880,292,5937.898523424122
band,2543,666,5935.160576913575
medications,2744,791,5932.287888739824
hair,1780,246,5927.184491362477
therapies,3589,1319,5923.936324987982
ethanol,2411,590,5919.21699142879
spectroscopy,2351,555,5915.685764656411
hdac,1424,108,5913.984832832776
world,4113,1632,5913.05004143998
pmid,1180,46,5907.751499266496
your,2431,605,5907.28625569443
emergency,2189,464,5900.068420137422
mood,2103,416,5897.916502756147
organization,4039,1596,5896.756975357868
recombinant,2842,866,5886.707227598907
experiences,2714,786,5884.640463731476
effectiveness,3355,1191,5880.180655405994
movement,2784,834,5871.392138674079
atrial,1624,185,5870.523933063285
murine,3145,1063,5869.7024683381405
mother,2205,480,5868.4407132755505
promotes,3765,1447,5865.729704927767
integrin,1838,283,5862.785434346329
antiretroviral,1676,208,5862.0989155216075
conformational,2173,463,5861.631449012683
neurology,2672,767,5858.957625657144
helix,2009,372,5858.880068266408
plus,3815,1480,5857.600964696125
viability,2545,688,5857.118037484753
choice,3316,1175,5856.676214976618
ieee,2116,432,5854.51679638868
invasion,2250,510,5851.79941037787
screen,2996,975,5850.507886028068
fmri,1693,217,5849.845095439308
resources,3798,1474,5846.927534694446
heterogeneity,3160,1082,5841.71505345422
adipose,1836,286,5837.045446622023
distress,2220,496,5835.568672004943
tract,2660,767,5832.644941709582
depletion,2584,722,5822.230879208949
maps,2499,669,5821.236582436121
spinal-cord,1848,295,5817.938478335253
needs,3819,1498,5817.5755001224725
computed,3192,1111,5816.4453994860805
academic,3126,1070,5813.723972186644
allergy,2048,403,5808.688950717252
economic,2544,701,5807.195354945452
transgenic,2488,666,5806.7949332917715
practices,2843,892,5804.679133272045
protective,3144,1085,5803.431621535887
hypoxia,2038,399,5800.6555573258765
plasmid,2250,522,5799.471470508268
session,2288,545,5798.763642673938
protection,3219,1135,5796.847736136706
diameter,2955,968,5791.736102225104
regional,3040,1024,5787.3655205165005
errors,3799,1498,5787.109014130734
depressive-symptoms,1843,298,5783.54958890346
girls,1807,280,5783.160494914179
ultrasound,1957,358,5782.303823004456
cleavage,2415,627,5782.147374120277
donors,2042,406,5776.526614895336
magnetic,2137,461,5773.773142966325
raman,1457,131,5769.739145654504
agonist,2174,484,5767.8949608037765
platelet,1975,371,5765.041592086896
alterations,3384,1251,5764.684449619258
abnormalities,3031,1026,5764.317724376065
prepared,4102,1686,5763.705125569596
vectors,2320,575,5755.549781050839
participation,2995,1006,5754.811973448198
epidemiology,3488,1320,5754.584186915858
antibiotic,1951,360,5753.706649249389
angiogenesis,2131,462,5752.944715172993
capacity,3735,1473,5752.475366297457
abundance,2495,687,5745.676047747146
expansion,3044,1042,5741.937506671771
spine,1749,258,5740.6567869205865
researchers,3332,1227,5740.646219151995
lineage,2310,573,5738.790165453002
circulating,2624,772,5736.656797389563
trans,3149,1112,5735.257919899872
coupling,2520,709,5723.814441572548
cervical,1987,386,5721.314338173931
disparities,2236,532,5720.955754584992
microbiol,2236,532,5720.955754584992
lipids,2209,516,5719.330069285205
coefficient,3124,1102,5717.946152623647
gradient,2897,955,5717.226959862197
biochem,3625,1420,5715.893884874345
optimal,4118,1717,5711.157850192923
neighborhood,1756,268,5696.85643641708
dorsal,2088,449,5696.455658524796
glutamate,2015,408,5690.245727858758
administered,3816,1547,5690.181131555352
lifetime,2415,652,5687.725652695914
bile,1444,134,5685.563238401832
european,3473,1338,5682.797741395361
entry,2918,981,5680.289695960089
nutrition,2466,688,5675.305729052024
bind,2982,1028,5665.322932629261
china,2281,574,5662.767414612861
multivariate,2648,810,5661.890619961663
rank,2843,939,5658.69294080792
plasticity,2256,560,5656.409421933126
catalytic,2186,517,5655.548349894278
transfection,2115,474,5655.516645264466
framework,3321,1253,5652.0580836186045
gain,3379,1291,5649.8166480501595
physiological,3733,1515,5644.444370775082
astrocytes,1672,235,5644.0449155973265
units,3329,1262,5641.847453054003
traumatic,1957,387,5629.869753131343
perfusion,2021,424,5629.449034041341
translation,2744,884,5627.267332416573
saline,2656,827,5623.829721508902
mesenchymal,1933,375,5621.713818061884
inhibits,3345,1281,5618.978371111809
eating,1878,345,5618.348835576269
bottom,3567,1424,5614.405820825971
recorded,4035,1710,5612.530920165402
phenotypes,2903,995,5609.953810045462
gamma,2517,740,5609.28621838161
washington,3666,1488,5609.061562161684
fracture,1518,171,5606.804205071053
encoding,2943,1023,5605.578298367784
communities,2313,609,5605.306149242052
urban,2423,680,5604.684103491813
shrna,1563,191,5600.130586670092
firing,1558,189,5598.616052925731
benefits,3374,1308,5597.3173133768005
sperm,1365,114,5595.151400842998
rabbit,2486,724,5594.541811198041
angle,2348,635,5591.962671283246
impaired,3569,1435,5590.09020729375
gait,1432,139,5585.854711723829
pulse,2128,498,5585.170902768725
eyes,1729,272,5583.647119049434
asked,3167,1179,5582.751379422323
prognostic,2533,759,5580.727602318012
stimulated,2774,920,5578.061265504669
near,3899,1647,5569.720460863672
transcripts,2215,557,5565.509170577028
predictive,3264,1251,5560.263015235597
peaks,2251,582,5557.133775864403
technique,3460,1379,5557.094187112932
chains,2183,540,5552.7690105228985
abnormal,3110,1153,5551.62350395855
maintenance,3456,1379,5550.669800769449
altered,3981,1705,5549.076384380914
urine,1971,412,5546.762802314008
bdnf,1356,115,5546.417422667941
interleukin,2335,639,5546.33953168411
trpv,1044,34,5542.439336366038
circulation,2878,1003,5538.594946670804
hydrogels,1252,83,5529.2950595461025
strand,2125,510,5526.699443134655
homeostasis,2653,856,5526.040052196792
fatty,1965,413,5525.114040931509
latino,1726,280,5523.926405214097
walking,1722,278,5523.468860654289
acquired,3752,1577,5522.684649382351
somatic,2152,528,5522.27771526925
achievement,1656,245,5521.024931165667
seizures,1606,221,5519.89870600702
objective,3948,1698,5519.320174137969
implementation,2852,993,5517.136388513156
logistic,2571,804,5516.3663810212565
pathogenesis,3068,1140,5511.437797541388
frequencies,2565,802,5509.881260120785
matched,3281,1282,5508.909983707984
settings,3443,1388,5507.392923702647
scheme,2496,759,5499.2088809260795
synthetic,2705,900,5498.766469419106
preoperative,1665,253,5497.531923269391
nanoparticle,1563,204,5497.212404328465
adolescence,1922,394,5494.728063491755
sham,1533,191,5492.642475601569
hydrophobic,2034,462,5491.079094632505
graph,2299,631,5489.792677981496
loading,2638,858,5488.639588696629
physician,2489,758,5487.067897196061
subtypes,2441,726,5486.53915561672
elderly,2294,629,5485.1357007746155
relaxation,1836,348,5476.802658421337
pharmacol,2931,1061,5475.821185721867
count,2749,938,5474.524954794476
timing,2809,979,5473.838808564228
ages,2699,905,5471.616628383282
surveillance,2526,789,5467.385904758817
agent,2971,1092,5464.989037164305
student,2267,617,5464.244043932981
cognition,2115,519,5463.693417753699
curves,2791,974,5453.053455620164
sessions,2048,481,5446.33486040746
amygdala,1580,219,5444.899199479193
traits,1953,423,5444.64816985859
downstream,3123,1203,5442.2545630340355
challenge,3663,1557,5438.435190973631
categories,3207,1264,5430.008661886024
distal,2295,647,5422.773268229523
tgfβ,1339,120,5419.895367261059
team,2619,868,5418.760103640798
reads,1721,295,5418.112619705071
conventional,3020,1145,5411.992653980769
carbon,2293,650,5407.439965075719
vessels,2113,532,5406.25201674333
solvent,2121,538,5402.933387328393
technologies,3427,1421,5401.275287988077
gwas,1412,150,5400.3001394297835
presentation,3038,1162,5399.47545475429
express,3307,1343,5398.840426434803
fibers,1890,395,5398.453680662013
poly,2159,564,5397.837262066464
coding,2892,1063,5397.513366751638
tool,3807,1665,5396.917643177026
incubation,2810,1007,5396.547594356936
frailty,1204,78,5392.115970917297
maltreatment,1129,58,5390.712454569852
live,2902,1073,5389.004484438906
north,3447,1440,5387.013209061173
personal,2715,945,5386.629330702496
nuclei,2421,748,5369.311922854556
mesh,1707,296,5368.260672943433
coefficients,2606,876,5367.954435328385
pairs,2735,966,5366.197531550053
epithelium,1921,421,5364.541627194865
neutrophils,1727,308,5362.526145552522
boston,2868,1060,5360.826241168283
biofilm,1192,77,5353.754809838005
discharge,1883,401,5350.071935461215
race-ethnicity,2080,525,5349.369378230733
vessel,1926,428,5346.744078326499
isolation,3062,1202,5338.500083318089
ischemia,1887,406,5338.05373276567
heat,2395,740,5337.401864530772
english,2297,673,5336.999412842478
western-blot,2123,557,5334.345809993242
western,2814,1033,5332.49621664809
reverse,3311,1373,5332.223318694055
monocytes,1816,365,5330.528607908185
bowel,1725,313,5328.537546138793
beads,1880,404,5327.535701121529
germ,1590,241,5327.157512975764
modification,3265,1347,5320.563312883421
tools,3342,1399,5319.453008233355
surfaces,2120,559,5319.209299879063
reproductive,1955,453,5316.267351143967
emission,2245,644,5315.063850821611
heme,1382,147,5313.483025855561
delay,2526,839,5312.177386679332
degeneration,1829,377,5309.523490199211
liquid,2743,992,5309.041818548197
datasets,2198,615,5305.066854494947
morphology,2629,914,5303.691736619936
smad,1368,143,5297.396460096924
shear,1467,186,5295.083379857955
gray,2995,1173,5294.832391956795
peer,1946,453,5291.793486100338
subset,3678,1631,5289.927124916439
output,2442,790,5282.479499451785
fibroblasts,2007,495,5279.71997109847
distributions,2628,923,5275.923470235736
window,2390,756,5275.134119088094
conformation,2026,510,5269.220269078029
electrode,1592,251,5269.133979055434
radiotherapy,1676,298,5259.48405371796
engagement,2136,586,5258.598479849999
diversity,2794,1047,5256.984350305191
texas,2453,807,5254.048309101831
housing,1623,270,5253.307743072458
partial,3400,1466,5252.719776139481
velocity,1787,364,5250.3071371008755
knockout,2300,701,5250.2159262478535
modulation,2984,1186,5242.496750173558
artery,1936,459,5239.126250976466
gestational,1505,212,5235.329404433079
nucleotide,2489,840,5231.401535276736
identity,2548,882,5231.090902710801
stages,3379,1463,5227.198325673964
suicidal,1312,128,5225.93242206475
vaginal,1481,202,5223.402236835335
elisa,1883,429,5222.9779247380275
ratios,3150,1310,5220.898349527016
barriers,2352,747,5219.429695105557
amino-acids,2380,768,5215.581338629077
clustering,2213,651,5215.378917881071
implantation,1674,305,5214.3404021328815
true,3542,1579,5209.089937804727
alleles,1940,470,5204.006871782374
motif,2154,614,5202.374263503508
issues,3644,1649,5201.03069818477
constructs,2272,697,5199.301720196905
signalling,2182,635,5196.6194841311935
kinases,2040,538,5196.597883144706
lymphocytes,2032,534,5191.383317398318
africa,1666,305,5189.421212636428
skeletal-muscle,1683,315,5188.079459203125
mode,2933,1172,5187.724666515082
cultural,1884,438,5186.6360863939235
challenges,3546,1593,5183.671001211836
back,3378,1482,5182.063658075623
array,2760,1052,5179.863314211363
biochemistry,2879,1138,5176.96842220713
service,3516,1580,5168.626667153065
ablation,1785,380,5167.644991534433
tomography,2166,633,5165.346929932137
leptin,1306,132,5161.845554647503
letter,1671,313,5161.731153390101
infectious,2407,805,5161.494224292986
remodeling,2195,656,5156.164036010406
phosphatase,2012,531,5151.62226615337
physicians,2292,728,5145.332380251292
conditioning,1629,292,5145.125901413773
difficile,1049,51,5143.650687655814
working,3094,1304,5142.285923323164
user,2043,556,5137.005352111799
interval,2627,973,5135.3289041429325
correct,2767,1075,5133.157225424142
cigarette,1618,288,5132.700473348539
face,2634,981,5127.44450279605
staff,2413,823,5120.999536587682
driven,3617,1669,5118.888863188161
nervous,2563,936,5109.583952158998
label,2366,794,5106.128487718516
object,1698,340,5104.637708599495
adjuvant,1806,408,5100.041580403433
modifications,2720,1054,5099.626638010771
irradiation,1744,370,5095.457806797032
exhibited,3138,1355,5095.02540583921
cessation,1639,307,5094.60649165003
untreated,2298,749,5093.451461377512
height,2208,686,5087.96690175156
cytoplasmic,2171,660,5086.589234785299
inhibit,2986,1252,5084.300755244086
just,3563,1650,5083.260472189603
computer,2763,1093,5079.855559272108
hour,2802,1122,5078.183341983222
vision,1879,461,5076.705538434126
located,3465,1588,5076.155082734541
rnas,1716,357,5075.0265541137205
biophys,2709,1056,5073.867601368869
mucosal,1597,287,5071.638011903439
experienced,3122,1354,5071.351855819021
retention,2299,757,5071.242736311052
transformation,2522,921,5068.590577924954
accessed,2416,845,5063.631188517512
naïve,1741,375,5063.323206024697
coupled,3132,1365,5062.2539679330375
pair,2599,980,5061.962861306632
proximal,2200,689,5059.932223830952
fast,2989,1267,5053.8110139120845
dual,2894,1200,5050.416719107871
alzheimer,1567,274,5049.003053851525
focal,2096,619,5045.292480293022
confidence,2787,1125,5043.556279334266
clinically,3595,1692,5038.5504049750325
progenitors,1600,295,5037.176171718834
healing,1700,356,5032.475545780503
overweight,1564,276,5027.962211189016
antigens,1788,414,5023.107947831733
edge,2067,605,5022.772805643927
provider,1852,458,5015.848049726426
coated,2104,634,5014.171815413325
sources,3427,1591,5014.017775863245
correction,2465,899,5013.631112959441
braf,1188,101,5013.466856825524
externalizing,1189,102,5005.972566301606
magnitude,3027,1315,5005.503257171089
foxp,1287,141,5001.861887818983
recommendations,2803,1154,5001.171509518718
sensor,1754,397,5001.134916941484
cysteine,1744,391,4999.181064015697
extracted,3113,1380,4997.522057001474
maturation,2198,708,4995.5404811948765
synapses,1462,226,4992.255528940819
subunits,1867,475,4988.429196528183
specimens,2113,649,4986.210379326482
exon,1706,371,4979.8283322026555
loaded,2221,731,4976.810145693688
cohorts,2287,780,4976.321136083298
exhibit,3372,1571,4976.204807277361
medicaid,1506,253,4972.5423882544765
solutions,2624,1034,4969.909552155161
carotid,1364,180,4968.033927823573
executive,1740,396,4965.605479192723
rare,2849,1203,4964.772094167136
overnight,2716,1105,4963.788351818439
annual,3214,1467,4963.173493264847
delayed,2529,969,4954.174059134739
exosomes,1041,59,4952.737613568464
rejection,1541,278,4942.895188309093
attachment,1854,478,4942.021901594066
parallel,3052,1361,4941.906627010532
salt,2137,681,4939.992112608656
conjugated,2319,817,4938.476004256681
direction,2823,1195,4938.29930501961
recipients,1593,311,4931.000159515377
nano,1715,388,4929.261787730003
limb,1646,344,4929.060255154481
relapse,1769,424,4927.508827916444
fields,2397,880,4926.526669191839
consider,3396,1611,4926.237873334249
soluble,2209,739,4925.8768068594
recombination,1665,357,4924.195345337614
anal,2016,598,4922.305334782335
origin,2784,1173,4921.807472189555
bladder,1548,286,4921.430474602882
localized,2624,1054,4919.639815492744
clearance,2046,622,4915.04517891237
flag,1359,185,4912.587453838057
replacement,2236,764,4911.693020176568
aggregation,1852,485,4909.7660326896785
elegans,1372,192,4908.6251057250165
hearing,1483,251,4908.370408881412
validity,2552,1005,4906.137425372175
prenatal,1527,277,4903.491646067002
stromal,1715,394,4902.94413573796
formed,2909,1274,4902.519162490537
steps,3241,1515,4900.520815880535
impairment,2455,934,4899.527032443536
microbiome,1236,131,4894.576241612193
differentiated,2120,684,4891.375397608067
null,2212,753,4891.053261731605
phage,1147,97,4886.792909479333
employed,3417,1646,4883.258900653319
depressive,1597,323,4882.920350284971
depth,2333,848,4881.405488425815
underwent,2562,1023,4879.881617539335
agreement,3052,1391,4875.363293352459
gaba,1328,175,4874.323722375487
potent,2527,1000,4870.679251691298
medial,1775,442,4870.423532315848
adjustment,2364,876,4869.472097128282
acta,3104,1434,4863.929021534047
know,2501,988,4850.758942556475
sepsis,1425,229,4847.121055656538
atherosclerosis,1648,363,4846.450973249948
reliability,2377,895,4845.245293790214
construct,2627,1088,4841.86057322403
shared,2748,1180,4841.813170569639
axons,1380,206,4840.121326926825
counts,2288,829,4839.0978259138865
consequences,3223,1532,4837.3398283707365
deviation,3248,1551,4834.8276159835705
efficient,3262,1562,4832.614290708669
ubiquitin,1585,326,4831.576235441354
beam,1624,351,4830.464966081919
onto,2932,1324,4828.410936054049
paclitaxel,1286,161,4827.3946429020025
simulated,1842,500,4827.149556775579
extraction,2364,892,4826.68359868277
microscope,2389,912,4824.753861405936
bypass,1554,309,4820.304716234901
transporter,1726,421,4819.9889893484315
placed,3315,1607,4816.980414626609
poverty,1522,291,4812.392313061735
electrical,1819,488,4811.064110158107
splicing,1564,319,4801.510280415142
planning,2100,699,4799.67541500359
phosphorylated,1830,499,4799.365993280008
locations,2338,884,4794.661451599835
respect,3229,1557,4794.07786831937
displayed,2904,1319,4793.28812698944
proteomics,1655,380,4791.289894111757
egfp,1274,160,4790.286690100157
efforts,3286,1602,4785.080876213595
candidate,2499,1013,4784.432859579104
place,3438,1710,4782.126717107472
original,3341,1643,4780.741625739216
similarity,2134,732,4778.943512665733
inflammasome,1135,102,4778.619733181096
accurate,3202,1546,4776.693118922551
translocation,1847,519,4771.367254180181
relation,3053,1440,4771.265253050119
assigned,2888,1317,4771.2612244273005
separation,2245,821,4769.9231102051845
intervals,2882,1314,4767.921040633501
video,1749,450,4767.7090786936205
predictor,2603,1102,4764.3450176950555
heavy,2039,665,4761.928359513796
basic,3425,1712,4760.0407063462335
america,2571,1079,4760.002101401715
directed,2979,1394,4752.332781711651
binds,2490,1020,4750.054867890579
engl,3156,1526,4749.165374742939
carried,3171,1538,4746.89920642085
lett,2646,1147,4737.147946930871
working-memory,1372,218,4734.3815300005035
undergoing,2373,935,4733.337516272834
mobility,1778,481,4728.312198146711
boys,1437,256,4727.7774485681675
positions,2211,810,4727.507613570709
chinese,1739,455,4721.233784756152
occupational,1558,332,4720.857620816765
consent,3289,1636,4720.375913043101
trend,2833,1299,4719.382646332562
amplification,2071,706,4712.757713399828
monoclonal,2077,712,4708.834311027645
integration,2498,1045,4704.828871564419
filter,2243,844,4703.701024619825
enhancer,1502,300,4703.404839489851
synuclein,1053,79,4702.448029590514
reviewed,3346,1686,4701.4523037922645
utilization,2112,742,4701.018897689053
arrest,1791,498,4700.6772024712345
anderson,2894,1355,4698.85389563374
minority,1986,645,4698.796851680481
quantified,2801,1284,4698.607417339132
sizes,2723,1224,4698.076314611526
transfusion,1255,163,4695.532629885947
devices,1996,655,4691.748155145564
dark,2318,908,4691.553385175565
scans,1931,606,4689.106152235514
inhibited,2334,923,4685.694588862331
residual,2347,934,4683.987757696529
stiffness,1337,207,4682.831363323092
cisplatin,1353,216,4681.288071740841
conditional,1876,567,4680.340776040572
principal,2209,826,4680.022059526138
bevacizumab,1090,94,4678.188092719555
enhancement,2170,797,4674.952053176312
miller,3181,1581,4674.153849752144
complement,1854,553,4671.806464810817
towards,3206,1602,4668.5846893307325
optimization,2022,683,4668.222951476656
country,1716,453,4666.350268318694
probes,2073,724,4665.118734760072
glioma,1337,210,4663.593621349634
representation,2424,1004,4662.474708111698
harvard,2248,864,4661.53753804536
atpase,1329,206,4661.247277888224
goal,3289,1666,4660.6104890427905
recommended,2624,1165,4656.902272271098
sectional,2394,983,4655.375616379518
spleen,1577,359,4655.127494552256
disclosure,2044,705,4654.2138787811255
mature,2183,815,4654.204790973908
striatum,1321,203,4652.5679241860635
plot,2339,942,4648.072937276196
nitric-oxide,1542,338,4644.7577641352145
arch,2889,1377,4644.206070698476
colleagues,2497,1070,4643.9119509117245
awareness,1821,537,4642.115724231668
endometrial,1192,140,4641.133104937307
receive,2658,1199,4640.781106356022
apnea,1059,86,4639.3340942878085
dominant,2363,967,4633.871280882113
path,1982,665,4628.809224402326
nacl,1991,673,4626.019081832553
ocular,1305,199,4622.186858816177
classes,2209,848,4621.956589769663
mexican,1257,174,4620.9270417131
risks,2457,1048,4620.564418210087
city,2493,1078,4617.902846502506
cold,2321,940,4617.236295676496
dogs,1198,146,4614.2214026629945
scales,2160,812,4613.133866765213
interviews,1763,502,4613.0840364232745
suppl,3249,1662,4611.739403320019
take,3283,1687,4610.984600210798
bleeding,1448,285,4608.580418356598
circadian,1190,143,4608.1153417509795
precursor,2114,777,4608.034019508682
subsets,1914,620,4604.109746486162
ventral,1559,359,4601.993509199092
segments,1816,546,4599.186142061242
pediatrics,2199,849,4598.441658898684
lobe,1557,359,4596.0897330487405
classroom,1094,103,4595.326734125294
attitudes,1630,410,4595.056885464152
traditional,2590,1166,4594.339090591962
cenp,692,9,4593.486233338887
conversion,2157,817,4593.485442510419
clinicians,2122,789,4592.950471060257
ratings,1514,331,4592.101421666561
controlling,2955,1453,4591.552284277204
chromatography,1948,651,4590.853200195357
ensemble,1346,227,4590.210560561899
zero,2390,1008,4587.573965928338
code,2237,884,4587.535358096164
registration,1552,358,4585.659444712783
resting,1693,458,4585.221786277992
park,3127,1586,4584.932672214494
cues,1714,474,4583.241385334891
injuries,1502,325,4583.1806925641995
diverse,3288,1706,4581.182682693791
acculturation,1011,74,4580.987969534981
seizure,1193,148,4578.731840550672
hazard,1586,384,4574.924706967114
erbb,1155,131,4573.8151772346955
tail,1914,630,4573.485093149074
metabolite,1534,351,4562.766784464078
intact,2317,960,4560.498224211519
metab,2049,743,4558.030044421034
glial,1483,318,4557.494916950845
incident,1609,405,4555.599345061101
antagonist,1779,531,4555.037779069009
escherichia-coli,1524,346,4554.888053436103
standardized,2574,1172,4552.745752338841
aunp,685,9,4547.0203321345925
polymerase,1992,702,4544.303902799455
hplc,1556,371,4541.977072044157
deep,2133,818,4539.766555021847
regulating,2532,1144,4539.684306646049
admission,1480,320,4538.996412448072
element,2170,849,4537.798271855454
precision,1970,687,4536.666057740232
enhance,3165,1639,4536.612520772628
mscs,1004,75,4535.793239528292
qpcr,1522,349,4535.7708601046525
cxcl,1228,171,4535.675601994238
existing,3100,1591,4535.586549511544
codes,1922,649,4535.4928296571225
discussed,3144,1624,4535.417892611119
link,3028,1538,4532.832165576264
nlrp,991,71,4531.377811343171
embryo,1369,251,4531.058051084729
sustained,2307,965,4528.831009884018
overlap,2303,963,4525.756690447319
scaffolds,1283,202,4525.067569115284
prison,911,48,4522.212611460898
glass,2066,770,4522.102014254604
obtain,3262,1718,4522.092205973083
asian,1866,609,4522.049837650527
biomedical,2645,1244,4520.630838515337
muscles,1399,272,4517.942347917963
plots,2186,870,4517.8439129058
coil,1438,297,4517.445831150681
radical,1617,421,4515.598027680425
sensing,1708,489,4513.984339915187
read,2275,945,4513.658094787543
intrinsic,2268,940,4511.801774491294
taking,2895,1447,4510.302123709399
jones,3080,1589,4510.198915152316
protease,1937,671,4506.316849803197
prognosis,2146,842,4505.377744459107
enrolled,2325,990,4504.700335244935
environ,1555,380,4501.785973017391
gynecol,1436,299,4501.5252544326095
empirical,2095,802,4500.273387895923
academy,2434,1083,4497.351007357986
antimicrobial,1352,247,4496.511515752826
newborn,1442,304,4496.419543175848
purchased,2143,844,4493.995227713011
trajectories,1625,433,4492.268195450102
restriction,1874,626,4489.841813464923
perception,1853,610,4487.505541538449
frame,2075,791,4485.9684289851075
absorption,1692,485,4485.596181053421
confocal,1727,512,4484.821843304656
definition,2563,1195,4483.478965202005
copy,1716,504,4483.2802796371125
cycles,2121,831,4480.783598543132
mapk,1497,345,4478.524071809199
start,2651,1269,4478.1381152626645
prefrontal-cortex,1372,263,4476.913423999241
proceedings,2222,917,4475.336846907746
plan,2013,745,4472.536231757763
trait,1518,361,4472.532743092777
acetylation,1275,206,4471.851225965001
display,2568,1205,4470.825386354615
list,2613,1242,4470.143241658953
primer,1797,572,4467.470435694875
evoked,1432,304,4465.2377155532695
milk,1455,320,4462.324175751314
pubmed,1320,234,4461.453939764435
morbidity,2308,995,4460.135512774691
represented,3026,1575,4457.902934935587
satisfaction,1453,320,4456.190396815574
false,2049,781,4455.8277580262065
axon,1294,220,4453.408295001378
pylori,915,53,4451.4004733524525
biochemical,2460,1126,4449.607791212561
heparin,1279,212,4449.1603377208685
enrollment,1792,574,4448.785272681388
external,2399,1078,4443.7821615561625
situ,2008,752,4442.648072546217
hence,2566,1218,4439.808709501643
transient,2350,1039,4439.61171052743
runx,1024,90,4439.450412373838
resource,2244,951,4437.950724110365
neutral,1780,568,4437.698499998433
differentially,2160,881,4436.970129492289
cumulative,1959,715,4433.075797180394
plane,1699,506,4432.136776645887
pediatr,1844,622,4429.786563985537
intestine,1416,301,4429.389881663946
excitation,1717,521,4428.933544420714
figs,1790,579,4428.295295103062
panels,1924,690,4422.350298324041
immigrant,1060,106,4422.077651725146
capture,2601,1256,4420.4596263701
paddy-rice,593,4,4417.207248808711
activate,2309,1015,4416.116215182562
metastases,1428,312,4415.671989920382
spontaneous,2005,760,4414.793520919347
bonds,1634,461,4414.761495370602
successful,2954,1542,4414.383482783572
carolina,1862,642,4414.09846187183
marriage,1148,147,4413.805002664388
module,1541,392,4413.3448293892625
rating,1586,426,4410.302992188027
permeability,1564,410,4408.999367402414
immigrants,1059,107,4407.962145325114
fragment,1800,594,4406.996059742603
schools,1344,259,4406.14594824036
eight,2880,1489,4404.529241222637
addiction,1524,382,4404.039739107655
repeat,2012,770,4403.90573701852
assessments,2165,899,4403.4528842017
superior,2146,883,4403.345774527042
decreases,3031,1608,4402.418426207219
junction,1563,411,4402.37276044936
williams,2939,1537,4401.513174448831
cytotoxicity,1596,437,4397.422520635328
throughput,1899,680,4392.610446772989
paired,2118,864,4391.964637713555
typical,2861,1481,4390.8844149227925
caregivers,1317,245,4390.815117358203
counseling,1548,403,4390.551999858548
folding,1422,314,4388.032453368802
polarization,1371,280,4387.7769997384285
adulthood,1730,544,4387.731905078098
kinetics,2000,767,4385.447324593671
deaths,1846,639,4384.814893142983
purification,1994,763,4382.717150164991
insulin-resistance,1383,289,4382.427961587945
plants,1298,235,4381.561184476872
outer,1720,539,4378.251215538761
subjective,1591,439,4376.381281486972
mast,1150,153,4375.488423612404
redox,1439,329,4373.340753861257
rich,2401,1112,4372.929268237406
chamber,1724,544,4372.514337777248
enhancers,1110,134,4370.4814367216295
transcript,1685,514,4369.183428982041
semantic,1128,143,4368.02866007992
profiling,2032,801,4367.478217722527
generalized,2004,778,4365.6818147293425
minor,2308,1037,4364.712473542973
examples,2591,1275,4364.562834731424
pixel,1410,311,4364.538747593649
blockade,1688,518,4363.877053730979
stanford,1512,384,4361.466681547463
fractions,1748,567,4360.99982756872
recall,1683,515,4360.726316529598
intensive,1973,754,4359.971102729555
verbal,1481,362,4359.421618972553
psychosocial,1657,495,4358.991525715079
concept,2681,1352,4358.958025131029
silencing,1601,452,4357.166782414808
segment,1835,641,4352.952147374178
algorithms,1871,671,4352.7717222414985
rule,1928,719,4352.16907625819
glioblastoma,1266,221,4351.302466877265
diagnoses,1799,612,4350.842247892026
reviews,2616,1303,4349.847879186668
myocardial-infarction,1597,451,4349.817769285776
stay,1589,445,4349.309392400085
apoe,1040,105,4348.500118046831
slow,2235,982,4348.458812117013
equal,3097,1688,4347.911712009861
electronic,2082,852,4346.433036490002
scattering,1373,290,4345.997459358544
inclusion,2743,1410,4344.54301244062
tooth,1034,103,4343.297845599227
nucleic-acids,1985,771,4342.231348850012
crispr,1102,134,4338.982471411924
lysates,1631,481,4337.388748693636
isoforms,1606,462,4335.630789567258
lens,1331,265,4333.044728749243
nutr,1570,435,4332.987159143389
physiology,2299,1044,4332.225703314245
chest,1617,472,4330.700300052992
zhou,2544,1253,4329.67051030585
subtype,1712,548,4329.537022537922
behav,1857,668,4328.522692766667
transferred,2276,1027,4326.250965502073
extract,1850,663,4326.105625934723
consensus,2360,1099,4326.008641854709
myocardial,1319,259,4324.186388191246
maintained,3065,1677,4323.0252711423045
voltage,1558,429,4321.508022698804
organs,1975,771,4320.356127949005
frequently,3089,1697,4320.254389949853
standards,2232,992,4320.007779438416
neutrophil,1366,291,4319.13791040889
decisions,2001,794,4318.412131836328
volumes,1913,719,4318.308839669045
chicago,1931,738,4308.575880031847
writing,1853,672,4308.136284180165
voxel,1335,273,4306.36112241964
axial,1544,423,4304.422311449905
microarray,1612,476,4303.705686405466
plaque,1242,215,4302.998964936244
toxin,1344,280,4301.365636505067
periods,2230,1000,4298.225061840758
comorbidity,1479,377,4293.485643523582
shock,1560,439,4291.109238918715
colitis,1178,180,4290.574755847631
retrospective,2169,951,4289.623494026462
integrated,2781,1470,4288.8381320017315
projection,1504,397,4288.316371197259
concerns,2236,1010,4287.540853161166
pubmed-pmid,757,24,4282.467571420322
pore,1382,310,4282.317945667531
antibiotics,1495,392,4281.6031926910755
aqueous,1630,497,4281.391313234964
interferon,1529,418,4280.785688612043
synthesized,2100,895,4280.612165317396
translational,2690,1400,4279.744130283394
ther,2340,1105,4276.607048326638
registry,1624,494,4275.464113077298
foods,1229,212,4275.229128271265
married,1405,328,4274.286581668326
socioeconomic,1712,566,4274.207251909075
cytotoxic,1738,588,4272.844350400377
limit,2902,1577,4271.5434041864555
nsclc,985,90,4270.369781433818
cohen,2341,1109,4269.975751050429
called,2789,1488,4267.23205042797
outside,2724,1435,4266.574873821287
causal,1862,695,4266.398026900895
disruption,2227,1012,4265.877768969747
broad,2885,1568,4263.032548044534
terminus,1635,507,4261.953617219205
success,2281,1062,4259.314178307694
minimum,2586,1324,4258.618922454219
pelvic,1178,185,4258.298764254033
member,2388,1157,4254.519870691351
grown,2003,822,4253.310547421647
absolute,2258,1045,4252.803679740776
qualitative,1985,807,4251.645288857373
psychol,1637,512,4251.102117828443
michigan,1627,504,4250.75583622936
calculations,1786,636,4250.701253978609
inter,2195,992,4248.394747252385
classified,2412,1181,4247.75787768975
aunps,693,15,4246.122061955384
whose,2802,1510,4245.99818586205
parkinson’s,1262,238,4244.030014970682
fatigue,1418,345,4242.182454125214
platform,2116,926,4241.175460601902
triple,1617,499,4240.75126291463
root,1726,590,4237.481761595227
released,2067,885,4236.5703661622865
immunization,1230,220,4233.146988293427
brains,1497,407,4231.116725497581
utility,2385,1166,4230.694490757463
anemia,1301,266,4230.480115501992
persistent,2152,963,4229.0179756155585
bayesian,1340,293,4227.7507252270125
reveals,2968,1654,4227.199489422789
forces,1603,492,4226.680990716369
fisher,2465,1238,4224.90649568419
contain,2828,1543,4224.258856759031
validated,2637,1385,4223.828053777474
forward,2238,1041,4223.717858119936
nmda,1177,190,4223.2953827997435
preschool,1105,151,4218.813342668329
facility,2020,852,4217.000352406246
surveys,1714,587,4216.758193534895
seven,2780,1508,4216.345143967408
million,2284,1085,4215.9789515228895
resonance,1455,380,4212.282051923025
suppressor,1653,538,4210.772696489314
obstructive,1343,299,4209.991933637182
adaptation,1784,649,4209.843500576642
davis,2466,1247,4208.7580013486795
describe,2953,1653,4207.621519334577
progressive,2032,867,4206.588461347372
alignment,1711,588,4206.46529547471
pregnant,1501,417,4205.9884870398
minimal,2872,1589,4205.614053349822
fungal,1133,168,4204.842266667523
perform,2747,1487,4204.8178387592125
proteome,1287,262,4204.456490395154
done,2943,1647,4204.074715650625
endocrinol,1636,527,4201.264221140785
phospho,1365,317,4199.161361558997
tris,1773,644,4197.5983106934145
knee,1129,167,4196.737599258243
veterans,1469,395,4195.940982482803
antiviral,1282,261,4193.024652229672
eligible,1953,803,4192.809279197944
cdna,1779,652,4189.840139190903
correlates,2705,1461,4188.243610425725
hydrogel,985,98,4186.489340218617
balance,2266,1084,4184.842640251756
pilot,2049,892,4183.534134391284
varying,2670,1435,4181.995195705887
selectivity,1598,502,4181.343329667835
immunology,1887,750,4179.964004211358
allergic,1119,164,4179.84997610484
delivered,2010,859,4179.67749877647
square,2412,1215,4179.299192229336
thought,2847,1584,4177.977884501834
exposures,1503,427,4175.974955004506
genomes,1487,415,4173.9077998854555
zhao,2402,1209,4173.863194544416
treat,2601,1382,4171.804917734174
evolutionary,1541,459,4170.192950803064
promoting,2333,1151,4168.660520180173
corrected,1986,844,4164.757126569314
diabetes-mellitus,1566,481,4164.5314411123445
pooled,1799,679,4163.9462156536065
serotonin,1244,242,4162.763285459212
policies,1548,467,4162.38810688056
slope,1493,424,4158.717173589175
mcherry,971,95,4157.174898473708
phenotypic,1856,732,4156.381986648359
employment,1484,419,4151.2518829130595
reprogramming,1177,202,4151.211635891417
neuroimage,1321,297,4149.892867141899
pathogenic,1675,577,4149.591730236286
offspring,1332,305,4149.045051159497
equivalent,2508,1315,4147.275245782984
patch,1313,292,4147.0535964126975
quit,994,106,4146.740741334712
define,2681,1464,4145.584104071939
gastrointestinal,1653,560,4144.523392932384
primers,1749,643,4143.495978256899
usually,2708,1490,4139.66290727418
operative,1447,394,4136.76977516783
coronary-artery,1400,358,4136.548468168747
unclear,2750,1527,4136.412935725012
cerebellar,1176,204,4136.098392508173
machine,1565,489,4136.057079606128
visualization,1886,767,4135.476827091831
hearts,1056,137,4134.482391954781
cognitive-impairment,1351,323,4130.761047736379
atrophy,1371,338,4129.677622976251
perspective,2509,1326,4128.028326931973
pathogen,1513,449,4127.7478023697395
lysine,1505,443,4126.169243896528
abdominal,1578,503,4125.870823244547
labor,1383,348,4125.5000417193405
inner,1726,630,4124.260852024714
mater,1342,318,4124.179486546213
aggressive,1777,675,4123.524542250605
hepatocytes,1149,190,4122.8261638376425
articles,1466,413,4122.044368450684
neurological,1930,812,4121.920538359657
protocols,2583,1394,4120.602744263576
predicting,2261,1112,4117.947969797908
immunotherapy,1232,243,4117.527593038605
soft,1596,521,4116.818833369516
jama,2338,1182,4115.458107202036
regulator,2034,909,4114.508161535769
propensity,1476,424,4111.364064445829
slices,1457,409,4110.918663204218
investigators,2249,1105,4110.294552002823
fragments,1674,590,4109.817189403481
restricted,2495,1324,4108.7603292820095
reduces,2801,1585,4108.7050473649415
novo,1621,545,4108.302388450374
turn,2596,1412,4108.035126405907
parietal,1195,221,4107.272075764875
radiology,1610,536,4107.232847175195
invest,2264,1122,4103.143142844402
created,2601,1419,4103.084747697031
never,2195,1060,4102.863877044763
fviii,628,10,4102.488732780789
genotypes,1452,408,4100.365656005418
implant,1051,139,4099.674093590603
retrieved,1569,504,4099.223052884982
bilayer,1064,146,4098.106487840923
pool,1806,711,4096.979689152696
extracts,1504,451,4096.509658738765
magn-reson,1196,224,4094.5830365236257
lymphoid,1360,339,4092.526084545752
complexity,2222,1090,4091.3185793156836
thoracic,1334,320,4091.2305501390056
african-americans,1317,308,4089.4307664694106
marital,1380,355,4089.0678903803723
utilized,2621,1444,4088.859975977869
layers,1575,513,4087.0220241269817
muscular,1117,178,4080.8778622365307
pathological,1925,825,4080.667123859115
blocks,2039,929,4080.246416969666
motivation,1488,443,4079.561352105006
hybrid,1544,490,4077.4030320317424
plays,2728,1542,4076.6547532273476
weights,1695,621,4074.575552033388
   ·,461,1,4073.0320237491464
scaffold,1378,358,4071.5455636689526
goals,1736,659,4070.02930902451
lupus,1062,149,4068.8025354971874
supplemented,1996,895,4068.6199437969153
libraries,1386,365,4068.343970573097
records,1918,824,4068.15459294136
hepatocellular,1206,237,4060.7832889699257
guide,2661,1494,4060.680938701706
lowest,2172,1060,4059.8725926839293
latency,1267,279,4059.4663298947335
cyclic,1458,425,4057.7908477304454
preference,1686,620,4055.6578017636725
advantage,2514,1370,4054.188134332589
rhodopsin,846,57,4054.1666796717914
mediate,2268,1151,4052.5169566089294
interact,2349,1225,4050.884186269685
vein,1559,512,4048.5450224157257
whites,1250,270,4045.9856308321455
adjacent,2100,1002,4043.4600822404905
adenocarcinoma,1362,353,4043.4271579673423
informed,2813,1633,4042.3833107611704
follows,2586,1441,4039.636805780576
squamous,1280,293,4038.4484539481905
multivariable,1385,373,4035.3803809680817
lungs,1318,322,4033.948454081742
technical,2627,1482,4029.9826020617706
shifts,1711,652,4029.688857872757
calibration,1399,386,4028.2429587847655
thermal,1457,433,4027.8367758589534
examining,2503,1375,4027.3306382692394
phases,1751,690,4024.706534493449
organic,1552,515,4021.2996097765513
brief,2415,1300,4021.1945723179288
theoretical,2004,924,4021.0227776129036
variations,2340,1233,4020.1316075694076
contacts,1433,416,4018.884616476252
census,1383,376,4018.4742859392145
recordings,1369,365,4018.44364770171
hemoglobin,1327,333,4016.9192010782003
cavity,1358,357,4016.2506179990864
mtorc,933,93,4014.33603548661
starting,2517,1395,4013.5094566015096
derivatives,1559,524,4012.4275769958135
removal,2106,1023,4011.3312593824508
give,2222,1130,4011.2378404500205
juvenile,1198,242,4008.834739533871
manual,2037,963,4003.0249146509723
producing,2098,1020,4002.255065395355
bioinformatics,1754,702,4001.359962605544
microenvironment,1463,446,4001.146281535212
detector,1345,351,4000.6006030666135
hill,2096,1019,4000.4956702051045
striatal,1094,178,3996.8490432289746
determination,2371,1274,3995.831190878331
pittsburgh,1427,418,3995.2133274358307
pathogens,1507,485,3995.1497900989984
dialysis,1230,267,3994.9930204745256
massachusetts,1740,692,3994.386644000774
sense,1933,871,3992.743885006801
environments,1721,676,3991.02892409596
currents,1150,214,3989.619615938576
dystrophy,971,113,3988.6957882481497
testosterone,985,120,3987.0029400688145
influences,2257,1176,3984.3641085588565
martin,2552,1443,3982.9852692798427
microrna,1250,284,3982.7952818786066
smoke,1196,246,3982.5351975671474
necrosis,1695,656,3981.639198650404
achieve,2792,1651,3981.5986631251453
placement,1517,498,3981.533956532028
familial,1420,417,3979.016423448712
neutralizing,1142,211,3977.9883610747243
activating,1930,875,3977.7040942015005
endothelium,1197,248,3976.1727158464337
characteristic,2651,1534,3975.377253084495
indirect,1834,787,3974.245382762426
soil,981,120,3970.8120651852864
recording,1480,470,3970.0670980607806
subgroup,1681,648,3969.378528851164
actions,1757,718,3968.6077518400784
wilson,2223,1153,3968.2504981671564
matching,1676,644,3967.9496721501205
postnatal,1394,399,3967.671171203274
backbone,1393,399,3964.8249221564993
deposition,1427,427,3964.814544771411
preclinical,1626,600,3964.6445945363585
scanning,1692,660,3964.306303665005
taylor,2266,1195,3963.9341924103564
disabilities,1144,215,3963.4708662536746
spinal,1231,275,3961.898859542947
clones,1328,348,3961.4346026054113
facial,1172,234,3961.230316215089
clonal,1277,309,3961.0869515006234
echo,1274,307,3960.054100281963
cdcl,911,89,3959.728999572008
implicated,2333,1259,3959.421623302863
trained,1909,864,3958.5743594878077
dimer,1204,257,3956.505792037721
internalizing,973,118,3954.7836415400693
vaccines,1192,249,3954.7670201016654
metrics,1348,366,3953.113971594153
subjected,2025,976,3952.2894514332725
yellow,1891,850,3952.1410499138674
drive,2488,1404,3951.267139146897
measuring,2713,1602,3950.6769376650896
germline,1213,265,3948.8980135032552
progress,2543,1456,3946.131363369671
lrrk,644,15,3945.8912090898516
recruited,2253,1194,3943.0793203601083
tinnitus,697,24,3943.038173421354
randomly,2186,1132,3942.3836819135054
mglur,804,51,3942.3214040755715
blocking,1904,867,3941.6065110262775
flies,993,130,3939.9022811160494
supplement,1722,698,3938.1991234727598
identical,2479,1404,3936.973970235192
fertility,1089,185,3936.5767014199
thereby,2479,1406,3933.44514401654
smooth-muscle,1298,332,3933.0379921823887
positively,2126,1081,3932.182941448901
extension,1864,834,3931.1332422731625
criminal,938,104,3930.98875152231
ideation,926,99,3926.323908128318
pancreas,1206,265,3926.1096490395103
mutated,1591,583,3925.0340342059358
genomics,1883,855,3924.3772370715647
hela,1111,201,3923.9470722771725
rapidly,2669,1580,3923.510971169377
synthase,1449,459,3921.2262074715386
attenuated,1771,751,3920.6483218748235
gaussian,1360,385,3919.4752959517773
canonical,1494,499,3918.1709256613835
responsive,1828,806,3917.6356462758426
foxo,854,70,3917.054799258982
chang,2295,1247,3916.9098187734057
special,2051,1018,3916.6209117014814
lancet,2368,1315,3915.768653115672
needle,1331,363,3914.2149547303893
assessing,2701,1614,3913.0456996671664
hypothesized,2649,1569,3912.617267256375
page,1796,778,3912.5571553163168
song,1901,878,3911.428916925081
regimen,1505,511,3911.255514557882
virol,1211,272,3910.8135692127616
psychopathology,1191,258,3909.1607965822864
obstet,1192,259,3907.8318231417475
excess,1929,907,3906.356198135933
virulence,1098,196,3905.691193268064
intra,1818,802,3905.249173839995
kras,982,129,3903.8408942349756
attempts,1643,639,3902.6277732578124
epub,1275,322,3902.340120602596
hsct,786,48,3901.7114298663737
fatty-acids,1228,287,3899.7942884266895
nearly,2679,1603,3899.4942953151085
ensure,2718,1637,3899.2153109442556
acetate,1435,454,3899.0575361686365
mexico,1183,255,3896.739204592202
instance,2037,1015,3895.8981075473707
biosynthesis,1326,364,3895.863046332267
carcinomas,1274,323,3895.329070922388
optic,1142,227,3894.5174295406305
copper,1194,264,3891.5580644582237
storage,1552,560,3891.288751258959
fewer,2427,1383,3890.9667203623812
allosteric,1098,199,3889.0123915556796
ethnicity,1665,665,3888.4799993087154
averaged,1951,937,3887.4205309614804
official,2379,1341,3887.38016172976
dimensions,1806,799,3886.240229323457
projections,1363,398,3882.8577787714676
maintain,2596,1540,3882.7665063936574
salivary,999,141,3882.564122712637
inverse,1689,691,3879.7523107850557
tracking,1583,593,3878.375430366857
uterine,1021,154,3878.0212763367217
automated,1762,761,3877.4168604238384
cardiol,1384,418,3874.8249790968393
create,2410,1377,3874.190595494402
frequent,2125,1110,3874.077234885137
sympathetic,1048,171,3870.83715870518
kinetic,1414,445,3870.3105606379613
marked,2226,1208,3869.876703586931
confidence-interval,1761,764,3868.2877497902223
zone,1375,413,3866.1739472167055
optimized,1812,814,3865.4491769627307
availability,2263,1246,3864.110437648676
immediately,2551,1511,3863.957612049338
independently,2580,1537,3863.8666179237784
west,2043,1037,3863.5648108528144
substitution,1458,486,3862.2446823753253
systolic,1232,300,3857.919282457721
exome,1115,216,3857.824242417618
crime,1005,148,3857.1881808494763
pharmacological,1759,767,3857.000921980133
axonal,1182,263,3856.9327020168384
defect,1537,560,3853.6796460599357
comparative,2397,1377,3853.292471950241
rotation,1322,373,3851.8215621948043
contained,2390,1372,3850.7337163540433
switch,1640,657,3849.943370094349
bearing,1538,563,3847.9696250365287
intellectual,1393,434,3847.697139882215
neuroimaging,1296,353,3847.4901591231096
referred,2372,1358,3846.0607929538073
monkeys,1128,228,3841.8155335524857
facilitate,2700,1657,3840.6054048413266
enhances,2130,1133,3839.5086116148614
diffuse,1505,536,3839.3698354029
transduction,1647,669,3836.565286623566
clone,1375,423,3833.2776413494935
trajectory,1344,397,3832.112501920955
cone,1061,186,3829.641081137894
improvements,1902,918,3828.750864928929
insights,2619,1594,3826.905334698185
emerging,2404,1399,3826.440763552659
participate,2103,1114,3826.4043848009405
fibrillation,995,147,3825.5539875009285
improving,2382,1381,3822.2698930269316
share,2003,1021,3819.06530893535
mindfulness,742,40,3818.577609086215
name,1661,690,3817.8398365468984
therapeutics,1804,828,3817.6199459390123
arabidopsis,845,75,3817.4753858579747
county,1251,325,3817.2829869492766
package,1716,743,3817.2667429119056
mammary,1150,249,3815.4212022792913
bovine,1817,843,3812.508449788282
bilateral,1413,463,3811.544057733512
think,1428,477,3809.466993123771
issue,2407,1412,3808.952445785446
aldrich,1768,797,3808.9010276570134
stored,2083,1104,3808.7972383107463
glycan,843,75,3808.439941157719
indicators,1645,679,3807.499457893375
numerous,2460,1462,3807.218565451744
potentials,1364,422,3805.8398240927004
cigarettes,1005,156,3804.281228696627
kcal,1048,183,3799.7590777421583
tagged,1373,432,3798.7956339516336
pixels,1119,231,3796.5350907662314
pathol,1752,788,3794.328078908484
appl,1758,795,3791.774557559157
instrument,1738,778,3786.2050868261463
atlas,1406,466,3783.5809103310544
lifestyle,1382,445,3782.7222028300303
charged,1369,434,3781.4051575726867
transitions,1423,483,3778.3407916463907
building,2083,1122,3775.1091725021597
extensive,2536,1553,3771.708200347065
guided,1643,693,3769.338503131091
twice,2196,1235,3769.1797352660224
arrows,1750,799,3765.736656321179
negatively,2082,1127,3764.039367117824
imatinib,828,73,3763.053846643
preventive,1557,613,3763.028486672309
slightly,2633,1646,3762.838948030492
replicates,1463,525,3762.5612501690202
binge,937,124,3761.988377481334
wells,1623,677,3761.3661065901974
encoded,1639,694,3757.798406674793
putative,1746,799,3757.1292582495876
sparse,1258,347,3756.2441901162783
inactivation,1555,614,3755.6601577288557
lacking,2113,1162,3755.4613679709723
thomas,2403,1440,3755.4374068389902
rois,1003,163,3752.684643645901
cambridge,1953,1006,3752.636989697606
spike,1068,205,3751.0301174734295
partially,2434,1472,3750.3879220894064
bands,1398,470,3750.1039210060617
atoms,1220,318,3749.2540786783757
transduced,1079,213,3748.3578434930846
rehabilitation,1271,360,3748.3142753439124
except,2674,1692,3747.7284514334456
chemokine,1194,298,3746.9116707274725
amounts,2056,1111,3746.4322497942926
